eintrag,haus,lage,jahr,hypothek,typen,std-geb,gebühr,verhältnis,std-preis,preis,original
GB-C 081-1,DB5527,Am Gestade,1420,,,72,72 d.,,,,
GB-C 081-2,DB5482,Kammerhof / unter den langen Tuchlauben,1420,,,72,72 d.,,,,
GB-C 081-3,keine_id,Stubentor,1420,,1 2 3 ,72,72 d.,,,,
GB-C 081-4,keine_id,Teinfaltstraße,1420,,,,0 d.,,,,
GB-C 082-1,keine_id,Kernerstraße,1420,,,72,72 d.,,,,
GB-C 082-2,keine_id,Greut / vor Stubentor,1420,,,,0 d.,,,,
GB-C 082-3,DB0047,#Alserstraße / vor Schottentor,1420,,,72,72 d.,,,,
GB-C 082-4,keine_id,Kernerstraße / St. Clara,1420,,,72,72 d.,,,,
GB-C 083-1,DB1007,Herzoghof / Lederhof,1420,,,72,72 d.,,,,
GB-C 083-2,DB1007,Herzoghof / Lederhof,1420,,,72,72 d.,,,,
GB-C 083-3,keine_id,Alter Kohlmarkt,1420,,,72,72 d.,,,,
GB-C 083-4,keine_id,Haarmarkt,1420,,,144,0.5 tl. 24 d.,,,,
GB-C 084-1,keine_id,Kienmarkt / Kürsenhaus,1420,,,72,72 d.,,,,
GB-C 084-2,keine_id,,1420,,,72,72 d.,,,,
GB-C 084-3,keine_id,Kernerstraße,1420,,,72,72 d.,,,,
GB-C 084-4,keine_id,vordere Peckenstraße,1420,,,72,72 d.,,,,
GB-C 085-1,keine_id,bei den Predigern,1420,,erbe ,144,0.5 tl. 24 d.,,,,
GB-C 085-2,DB0021,Alserstraße / vor Schottentor,1420,,,,0 d.,,,,
GB-C 085-3,keine_id,Kernerstraße,1420,,,72,72 d.,,,,
GB-C 085-4,keine_id,St. Johannsstraße,1420,,,288,9 s. 18 d.,,,,
GB-C 085-5,keine_id,Kernerstraße,1420,,,72,72 d.,,,,
GB-C 086-1,keine_id,Walichstraße,1420,,,72,72 d.,,,,
GB-C 086-2,keine_id,Walichstraße,1420,ja,,72,72 d.,,,,
GB-C 086-3,keine_id,vor Kernertor,1420,ja,,264,1 tl. 24 d.,,,,
GB-C 087-1,keine_id,Neuer Markt,1420,,,72,72 d.,,,,
GB-C 087-2,DB5472,Peurertor,1420,,,72,72 d.,,,,
GB-C 087-3,keine_id,Himmelpforten,1420,,,72,72 d.,,,,
GB-C 087-4,keine_id,Werd / vor Werdertor,1420,,,72,72 d.,,,,
GB-C 088-1,keine_id,Roter Turm,1420,ja,,72,72 d.,975,292.5,292.5 tl.,umb zwayhundert und dritthalbs und newnczig phunt Wienner phenning  
GB-C 088-2,keine_id,Wollzeile,1420,,,216,7 s. 6 d.,,,,
GB-C 088-3,keine_id,Burg / vor Widmertor,1420,,,72,72 d.,,,,
GB-C 089-1,keine_id,Kernerstraße,1420,ja,,72,72 d.,,,,
GB-C 089-2,keine_id,innerhalb Werdertor,1420,,,72,72 d.,,,,
GB-C 089-3,keine_id,Alter Fleischmarkt,1420,,erbe ,100,3 s. 10 d.,,,,
GB-C 089-4,keine_id,hintere Peckenstraße,1420,,,50,50 d.,,,,
GB-C 089-5,DB5502,Kammerhof,1434,ja,,216,7 s. 6 d.,,,,
GB-C 090-1,keine_id,Alter Fleischmarkt,1420,,,72,72 d.,,,,
GB-C 090-2,keine_id,vor Kernertor,1420,,,72,72 d.,,,,
GB-C 090-3,keine_id,Grashof,1420,,,72,72 d.,,,,
GB-C 090-4,keine_id,Salzgries,1420,,,72,72 d.,,,,
GB-C 091-1,keine_id,Salzgries,1420,,,72,72 d.,,,,
GB-C 091-2,keine_id,vor Kernertor,1420,,erbe ,144,0.5 tl. 24 d.,,,,
GB-C 091-3,DB5030,Schiltergasse,1420,,erbe ,72,72 d.,,,,
GB-C 091-4,keine_id,Strauchgasse,1420,,erbe ,,0 d.,,,,
GB-C 092-1,DB5113,hinter St. Pankraz,1420,,,60,60 d.,,,,
GB-C 092-2,keine_id,Graben,1420,,,144,0.5 tl. 24 d.,,,,
GB-C 092-3,DB5213,Wiltwerkerstraße,1420,,,72,72 d.,,,,
GB-C 092-4,keine_id,Landstraße,1420,ja,,72,72 d.,,,,
GB-C 093-1,keine_id,Kernerstraße,1420,,,144,0.5 tl. 24 d.,,,,
GB-C 093-2,keine_id,Kernerstraße,1420,,,72,72 d.,,,,
GB-C 093-3,DB1073,Hoher Markt / Wiltwerkerstraße,1420,,,72,72 d.,,,,
GB-C 093-4,keine_id,Roter Turm,1420,,,144,0.5 tl. 24 d.,,,,
GB-C 094-1,keine_id,Wollzeile,1420,,,72,72 d.,,,,
GB-C 094-2,keine_id,Wollzeile,1420,,,72,72 d.,,,,
GB-C 094-3,keine_id,Wollzeile,1420,,,72,72 d.,,,,
GB-C 095-1,keine_id,Neuer Markt,1420,,,72,72 d.,,,,
GB-C 095-2,keine_id,vordere Peckenstraße,1420,,,72,72 d.,,,,
GB-C 095-3,keine_id,vordere Peckenstraße,1420,,,72,72 d.,,,,
GB-C 095-4,keine_id,Roter Turm,1420,,,,0 d.,,,,
GB-C 096-1,keine_id,Alter Rossmarkt,1420,,,72,72 d.,,,,
GB-C 096-2,DB5212,Wiltwerkerstraße,1420,,,72,72 d.,,,(Burgrecht),umb die hundert pfunt pfenning  
GB-C 096-3,keine_id,Petersfreithof,1420,,,72,72 d.,,,,
GB-C 097-1,DB3006,Kernerstraße,1420,,,72,72 d.,,,,
GB-C 097-2,DB3006,Kernerstraße,1420,,,72,72 d.,,,,
GB-C 097-3,DB3006,Kernerstraße,1420,,,72,72 d.,,,,
GB-C 097-4,keine_id,Alter Rossmarkt,1420,,,,0 d.,,,,
GB-C 098-1,keine_id,Singerstraße,1420,,,72,72 d.,166,50,50 tl.,umb funfczig phunt Wienner phenning  
GB-C 098-2,keine_id,Haarmarkt / Vechtbrunnen,1420,,,72,72 d.,,,,
GB-C 098-3,keine_id,Haarmarkt / Vechtbrunnen,1431,,,72,72 d.,,,,
GB-C 099-1,keine_id,innerhalb Kernertor / Kernerstraße,1421,ja,,72,72 d.,,,,
GB-C 099-2,DB5424a,Hoher Markt,1421,,,72,72 d.,,,,
GB-C 099-3,DB5424b,Hoher Markt,1421,,,72,72 d.,,,,
GB-C 100-1,DB5307,Herzoghof,1421,,,,,,,,
GB-C 100-2,keine_id,Himmelpforten / Weihenburg,1421,,,144,0.5 tl. 24 d.,,,,
GB-C 100-3,keine_id,Tirna,1421,,,72,72 d.,,,,
GB-C 100-4,keine_id,St. Johannsstraße,1426,,,72,72 d.,,,,
GB-C 101-1,keine_id,Haarmarkt / Vechtbrunnen,1421,,,72,72 d.,,,,
GB-C 101-2,keine_id,Singerstraße,1421,,,216,7 s. 6 d.,,,,
GB-C 101-3,keine_id,Lichtensteg,1421,,,72,72 d.,,,,
GB-C 101-4,keine_id,Lichtensteg,1421,ja,,72,72 d.,,,,
GB-C 102-1,keine_id,Kienmarkt,1421,,,72,72 d.,,,,
GB-C 102-2,keine_id,Kienmarkt,1422,,,144,0.5 tl. 24 d.,,,,
GB-C 102-3,keine_id,Laurenzerinnen,1422,,,72,72 d.,,,,
GB-C 103-1,DB1063,Wiltwerkerstraße,1421,,,144,0.5 tl. 24 d.,,,,
GB-C 103-2,keine_id,Predigerfreithof,1421,,,,0 d.,,,,
GB-C 103-3,keine_id,Gässlein zu unser lieben Frau,1421,,,72,72 d.,,,,
GB-C 103-4,keine_id,Gässlein zu unser lieben Frau,1421,,,288,9 s. 18 d.,,,,
GB-C 104-1,keine_id,Weihenburg,1421,,,72,72 d.,,,,
GB-C 104-2,DB5038,Judengasse,1421,,schenkung ,,0 d.,,,,
GB-C 104-3,keine_id,Fischhof,1421,ja,,72,72 d.,,,,
GB-C 105-1,keine_id,Singerstraße,1421,,,72,72 d.,,,,
GB-C 105-2,keine_id,vordere Peckenstraße,1421,,,144,0.5 tl. 24 d.,,,,
GB-C 105-3,keine_id,vordere Peckenstraße,1421,,,72,72 d.,,,,
GB-C 106-1,DB5482,unter den Tuchlauben,1421,,,72,72 d.,,,,
GB-C 106-2,keine_id,Mentlerstraße,1421,,,72,72 d.,,,,
GB-C 107-1,keine_id,Burg,1421,,,72,72 d.,,,,
GB-C 107-2,keine_id,Alter Fleischmarkt,1421,ja,erbe ,360,12 s.,,,,
GB-C 107-3,DB5107,hinter St. Pankraz,1421,ja,,72,72 d.,,,,
GB-C 107-4,DB5213,Wiltwerkerstraße,1421,,,216,7 s. 6 d.,,,,
GB-C 108-1,keine_id,Pippingerstraße,1421,,,72,72 d.,,,,
GB-C 108-2,keine_id,Wollzeile,1421,,,,0 d.,,,,
GB-C 108-3,keine_id,Krugstraße,1421,,erbe ,144,0.5 tl. 24 d.,,,,
GB-C 108-4,keine_id,Strauchgasse,1421,,,72,72 d.,,,,
GB-C 109-1,keine_id,Alter Fleischmarkt / Laurenzerinnen,1421,,,72,72 d.,,,,
GB-C 109-2,keine_id,Kienmarkt,1421,,,72,72 d.,,,,
GB-C 109-3,keine_id,Haarmarkt,1421,,,,0 d.,,,,
GB-C 109-4,DB1017,Judengasse,1421,,,,? ,,,,
GB-C 110-1,keine_id,Roter Turm,1421,,,72,72 d.,,,,
GB-C 110-2,keine_id,Roter Turm,1421,,,72,72 d.,,,,
GB-C 111-1,keine_id,Roter Turm,1421,,,72,72 d.,,,,
GB-C 111-2,keine_id,Strauchgasse,1421,ja,,72,72 d.,,,,
GB-C 112-1,keine_id,Strauchgasse,1421,ja,,72,72 d.,,,,
GB-C 112-2,keine_id,Strauchgasse,1421,ja,,72,72 d.,,,,
GB-C 112-3,keine_id,Strauchgasse,1421,ja,,72,72 d.,,,,
GB-C 113-1,DB5116,hinter St. Pankraz,1421,ja,,72,72 d.,,,,
GB-C 113-2,keine_id,Heumarkt / vor Kernertor,1421,,,72,72 d.,,,,
GB-C 113-3,keine_id,unter den kurzen Tuchlauben,1421,,,144,0.5 tl. 24 d.,,,,
GB-C 113-4,keine_id,unter den kurzen Tuchlauben,1421,,,72,72 d.,,,,
GB-C 114-1,DB5207,Judengasse,1421,,,150,5 s.,240,150,150 tl.,umb anderthalbhundert phunt Wienner phenning 
GB-C 114-2,keine_id,unter den Hafnern,1421,,,72,72 d.,,,,
GB-C 114-3,keine_id,Laimgrube / vor Widmertor,1421,,,72,72 d.,,,,
GB-C 114-4,DB5457,Kienmarkt,1421,,,72,72 d.,,,,
GB-C 115-1,keine_id,Krugstraße,1421,,erbe ,216,7 s. 6 d.,,,,
GB-C 115-2,keine_id,Singerstraße,1421,,erbe ,144,0.5 tl. 24 d.,,,,
GB-C 118-1,keine_id,unter den Spenglern,1422,,,72,72 d.,,,,
GB-C 118-2,keine_id,Lichtensteg,1422,ja,,360,12 s.,,,,
GB-C 118-3,keine_id,vordere Peckenstraße,1422,,,72,72 d.,,,,
GB-C 118-4,keine_id,Graben,1422,,,72,72 d.,333,100,100 tl.,umb hundert phunt Wienner  
GB-C 119-1,DB6000,Scheffstraße / vor Stubentor,1422,,,,0 d.,,,,
GB-C 119-2,keine_id,Traibotenstraße,1422,ja,,,0 d.,,,,
GB-C 119-3,DB6000,Scheffstraße / vor Stubentor,1422,ja,,12,12 d.,,,,
GB-C 119-4,keine_id,Kernerstraße,1422,,,216,7 s. 6 d.,,,,
GB-C 120-1,keine_id,vordere Peckenstraße,1422,,,72,72 d.,,,,
GB-C 120-2,keine_id,Haarmarkt,1422,,,72,72 d.,,,,
GB-C 120-3,keine_id,Neuer Markt,1422,,,72,72 d.,,,,
GB-C 121-1,keine_id,Himmelpforten / Schergenhaus,1422,,,72,72 d.,,,,
GB-C 121-2,keine_id,Himmelpforten / Schergenhaus,1422,,,72,72 d.,,,,
GB-C 121-3,keine_id,Greut,1422,,,72,72 d.,,,,
GB-C 121-4,DB5212,Wiltwerkerstraße / Würffel,1422,,,72,72 d.,,,,
GB-C 122-1,DB1037,Weiße Brüder,1422,,,72,72 d.,,,,
GB-C 122-2,DB5209,Wiltwerkerstraße,1422,,,72,72 d.,,,,
GB-C 122-3,keine_id,Münzerstraße,1422,,,72,72 d.,,,,
GB-C 122-4,keine_id,Rotgasse,1422,,,72,72 d.,,,,
GB-C 122-5,DB5220a,Hohe Brücke,1422,,kauf ,72,72 d.,533,160,160 tl.,umb hundert und Sechczig phunt Wienner phenning  
GB-C 122-6,keine_id,Lichtensteg,1422,,,72,72 d.,,,,
GB-C 123-1,keine_id,Landstraße,1422,,,72,72 d.,,,,
GB-C 123-2,keine_id,Neuer Markt,1422,,,72,72 d.,,,,
GB-C 123-3,keine_id,Neuer Markt,1422,,,72,72 d.,,,,
GB-C 123-4,DB1062,Judengasse,1422,,schenkung ,72,72 d.,,,,
GB-C 124-1,DB1061,Wiltwerkerstraße,1422,,,510,17 s.,221,470,470 tl.,umb vierhundert und Sibenczigk phunt Wienner phenning 
GB-C 124-2,DB1042,Karmeliten,1422,,,272,9 s. 2 d.,176,200,200 tl.,umb zwayhundert phunt Wienner phenning  
GB-C 124-3,keine_id,Neuer Markt,1422,,,72,72 d.,,,,
GB-C 124-4,keine_id,Neuer Markt,1422,,,72,72 d.,,,,
GB-C 125-1,keine_id,Alter Fleischmarkt / Laurenzerinnen,1422,,,72,72 d.,,,,
GB-C 125-2,DB1024,Judengasse,1422,,,72,72 d.,800,240,240 tl.,umb zway hundert und virczig phunt Wienner phenning  
GB-C 125-3,keine_id,Salzgries,1422,ja,,72,72 d.,,,,
GB-C 125-4,keine_id,Salzgries,1422,,,72,72 d.,,,,
GB-C 125-5,keine_id,Alter Fleischmarkt,1422,,,72,72 d.,,,,
GB-C 126-1,keine_id,Burg / vor Widmertor,1422,,,144,0.5 tl. 24 d.,,,,
GB-C 126-2,keine_id,Alter Fleischmarkt,1422,,,72,72 d.,,,,
GB-C 126-3,keine_id,Alter Fleischmarkt,1422,,,72,72 d.,,,,
GB-C 127-1,keine_id,Alter Fleischmarkt,1422,,,72,72 d.,,,,
GB-C 127-2,keine_id,Walichstraße,1422,,,72,72 d.,,,,
GB-C 127-3,keine_id,Lichtensteg,1422,,,72,72 d.,,,,
GB-C 127-4,keine_id,vor Stubentor,1422,,,144,0.5 tl. 24 d.,,,,
GB-C 128-1,DB5202,Judengasse,1422,,,72,72 d.,,,,
GB-C 128-2,DB5301,Judengasse,1422,,kauf ,144,0.5 tl. 24 d.,183,110,110 tl.,umb hundert und zehen phunt Wienner phenning 
GB-C 128-3,keine_id,vordere Peckenstraße,1422,,,72,72 d.,,,,
GB-C 128-4,keine_id,St. Michael,1422,,,140,0.5 tl. 20 d.,,,,
GB-C 129-1,keine_id,Alter Kohlmarkt,1422,,,216,7 s. 6 d.,,,,
GB-C 129-2,DB5327,Judengasse,1422,,,,0 d.,,,,
GB-C 130-1,keine_id,Schottentor,1422,,,72,72 d.,,,,
GB-C 130-2,keine_id,Alter Kohlmarkt / St. Michael,1422,,,90,3 s.,,,,
GB-C 130-3,keine_id,Wollzeile,1422,,,72,72 d.,,,,
GB-C 130-4,keine_id,innerhalb Werdertor,1422,,,72,72 d.,,,,
GB-C 130-5,keine_id,Lichtensteg,1422,,,72,72 d.,,,,
GB-C 131-1,DB5404,Hoher Markt / Riemhaus,1422,,,72,72 d.,,,,
GB-C 131-2,keine_id,Katerlucke,1423,,,72,72 d.,,,,
GB-C 131-3,keine_id,Kumpflucke,1423,,,,0 d.,,,,
GB-C 131-4,keine_id,St. Stephan,1423,,,72,72 d.,,,,
GB-C 131-5,DB0072,Bognergasse,1423,,,144,0.5 tl. 24 d.,,,,
GB-C 132-1,keine_id,Krotental / vor Stubentor,1423,ja,,72,72 d.,,,,
GB-C 132-2,keine_id,vor Widmertor,1423,,,72,72 d.,,,,
GB-C 132-3,keine_id,vor Widmertor,1423,,,72,72 d.,,,,
GB-C 132-4,keine_id,Salzgries,1423,,,72,72 d.,,,,
GB-C 133-1,keine_id,Kienmarkt,1423,,,288,9 s. 18 d.,,,,
GB-C 133-2,DB5434,Roter Turm,1423,,,144,0.5 tl. 24 d.,,,,
GB-C 133-3,DB5434,Hoher Markt,1423,,,72,72 d.,,,,
GB-C 133-4,DB1070,Wiltwerkerstraße,1423,,,36,36 d.,,,,
GB-C 133-5,keine_id,vor Werdertor,1423,,,72,72 d.,,,,
GB-C 133-6,DB6000,Scheffstraße,1423,,,,0 d.,,,,
GB-C 133-7,keine_id,unter den Fischern,1424,,,72,72 d.,,,,
GB-C 134-1,DB5537,unter den Sattlern,1423,,,72,72 d.,,,,
GB-C 134-2,keine_id,Alter Kohlmarkt,1423,ja,,72,72 d.,,,,
GB-C 134-3,keine_id,Wollzeile,1423,,,72,72 d.,,,,
GB-C 134-4,keine_id,Neuer Markt,1423,,,72,72 d.,,,,
GB-C 134-5,DB5211,Wiltwerkerstraße,1423,,,72,72 d.,,,,
GB-C 134-6,keine_id,Krugstraße,1423,,,72,72 d.,,,,
GB-C 135-1,keine_id,Kienmarkt,1423,,,72,72 d.,,,,
GB-C 135-2,DB0092a,Schaufellucke / St. Michael,1423,,,72,72 d.,,,,
GB-C 135-3,DB0092b,Schaufellucke / St. Michael,1423,,,72,72 d.,,,,
GB-C 135-4,keine_id,Neuer Markt,1423,,,72,72 d.,,,,
GB-C 135-5,keine_id,Singerstraße / Stephansfreithof / Weihenburg,1423,,,72,72 d.,,,,
GB-C 135-6,DB5490,unter den langen Tuchlauben,1423,,,72,72 d.,,,,
GB-C 136-1,keine_id,hintere Peckenstraße,1423,,,,0 d.,,,,
GB-C 136-2,DB5212,Wiltwerkerstraße / Würffel,1423,,,72,72 d.,,,,
GB-C 136-3,DB5300,Weiße Brüder,1423,,,132,0.5 tl. 12 d.,240,132,132 tl.,umb C xxxii tl. Wienner phenning  
GB-C 136-4,keine_id,Fischergasse / vor Werdertor,1423,,,72,72 d.,,,,
GB-C 136-5,keine_id,Schulstraße,1423,,,72,72 d.,173,52,39 G,umb xxxviiii guter gulden  
GB-C 137-1,keine_id,Traibotenstraße,1424,,,72,72 d.,,,,
GB-C 137-2,keine_id,Krugstraße,1424,,,216,7 s. 6 d.,,,,
GB-C 137-3,keine_id,Singerstraße,1424,,,72,72 d.,,,,
GB-C 137-4,DB0113,Haarhof,1424,,,72,72 d.,,,,
GB-C 137-5,keine_id,Haarmarkt,1424,,,72,72 d.,,,,
GB-C 138-1,keine_id,bei den Predigern,1424,,,72,72 d.,,,,
GB-C 138-2,keine_id,Riemergasse,1424,,,,0 d.,,,,
GB-C 138-3,keine_id,Alter Fleischmarkt,1424,,,144,0.5 tl. 24 d.,,,,
GB-C 138-4,DB0021,Alserstraße / vor Schottentor,1424,,,72,72 d.,,,,
GB-C 138-5,DB0021,Alserstraße / vor Schottentor,1424,,,,0 d.,,,,
GB-C 138-6,keine_id,Fischergasse / vor Werdertor,1424,,,72,72 d.,,,,
GB-C 139-1,DB9001,Weihenburg,1424,,,144,0.5 tl. 24 d.,,,,
GB-C 139-2,keine_id,Neuer Markt,1424,,,,0 d.,,,,
GB-C 139-3,keine_id,Vechtbrunnen,1424,,,72,72 d.,,,,
GB-C 139-4,keine_id,Kernerstraße,1424,,,72,72 d.,,,,
GB-C 139-5,DB1049,Judengasse,1424,,,72,72 d.,,,,
GB-C 139-6,keine_id,Wieden,1424,,,,0 d.,,,,
GB-C 140-1,keine_id,Bürgerspital / Krugstraße,1424,,,72,72 d.,,,,
GB-C 140-2,keine_id,bei den Predigern,1424,ja,,72,72 d.,,,,
GB-C 140-3,keine_id,Kernerstraße,1424,,,72,72 d.,,,,
GB-C 140-4,keine_id,unter den Schlossern,1424,,,72,72 d.,,,,
GB-C 140-5,keine_id,Lichtensteg,1424,,,,,,,,
GB-C 140-6,keine_id,vor Stubentor,1424,,,72,72 d.,,,,
GB-C 141-1,DB5215,Wiltwerkerstraße,1424,,,,0 d.,,,,
GB-C 141-2,keine_id,Wollzeile,1424,,,72,72 d.,,,,
GB-C 141-3,keine_id,Wollzeile,1424,,,72,72 d.,,,,
GB-C 141-4,DB5486a,unter den langen Tuchlauben,1424,,,,0 d.,,,,
GB-C 141-5,keine_id,Lichtensteg,1424,,,,0 d.,,,,
GB-C 141-6,keine_id,Alter Fleischmarkt,1424,,,72,72 d.,,,,
GB-C 141-7,keine_id,Strauchgasse,1424,,,,,,,,
GB-C 142-1,keine_id,Alter Kohlmarkt,1424,,,72,72 d.,,,,
GB-C 142-2,keine_id,vordere Peckenstraße,1424,,,,0 d.,,,,
GB-C 142-3,keine_id,Lichtensteg,1424,,,72,72 d.,,,,
GB-C 142-4,keine_id,Raubergäßchen / St. Stephan,1424,,,72,72 d.,,,,
GB-C 142-5,DB5512b,unter den Sattlern,1424,,,72,72 d.,,,,
GB-C 143-1,keine_id,Hochstraße,1424,,,36,36 d.,,,,
GB-C 143-2,keine_id,Lichtensteg,1424,,,,0 d.,,,,
GB-C 143-3,keine_id,Wollzeile,1425,,,72,72 d.,,,,
GB-C 143-4,keine_id,auf dem Anger,1425,,,72,72 d.,,,,
GB-C 143-5,keine_id,vordere Peckenstraße,1425,,,,0 d.,,,,
GB-C 144-1,keine_id,Wollzeile,1425,,,,0 d.,,,,
GB-C 144-2,DB0012,Wieden,1425,,,72,72 d.,,,,
GB-C 144-3,DB0012,Wieden,1425,,,72,72 d.,,,,
GB-C 144-4,keine_id,hintere Peckenstraße,1425,,,,0 d.,,,,
GB-C 144-5,keine_id,Mietstatt / vor Kernertor,1425,,,72,72 d.,,,,
GB-C 145-1,keine_id,Roter Turm,1425,,,72,72 d.,,,,
GB-C 145-2,keine_id,vor Werdertor,1425,,,72,72 d.,,,,
GB-C 145-3,keine_id,Graben,1425,,,72,72 d.,,,,
GB-C 145-4,keine_id,Lichtensteg,1425,,,72,72 d.,,,,
GB-C 145-5,keine_id,Lichtensteg,1425,,,72,72 d.,,,,
GB-C 145-6,keine_id,Domprobsthof / St. Stephan,1425,,,72,72 d.,,,,
GB-C 145-7,keine_id,Domprobsthof,1425,,,72,72 d.,,,,
GB-C 146-1,keine_id,Domprobsthof / St. Stephan,1425,,,72,72 d.,,,,
GB-C 146-2,keine_id,Schenkenstraße,1425,,,72,72 d.,,,,
GB-C 146-3,keine_id,Tuchlauben,1425,,,,0 d.,,,,
GB-C 146-4,DB5487a,unter den langen Tuchlauben,1425,,,144,0.5 tl. 24 d.,,,,
GB-C 147-1,DB5230,Wiltwerkerstraße,1425,,,72,72 d.,,,,
GB-C 147-2,DB0092c,Schaufellucke / St. Michael,1425,,,,0 d.,,,,
GB-C 147-3,(DB5475),Peurertor,1425,,,,0 d.,,,,
GB-C 147-4,keine_id,Greut / vor Stubentor,1425,,,,0 d.,,,,
GB-C 147-5,keine_id,Schenkenstraße,1425,,,72,72 d.,,,,
GB-C 148-1,keine_id,Wollzeile,1425,,,72,72 d.,,,,
GB-C 148-2,keine_id,Heiligenkreuzerhof / hintere Peckenstraße,1425,,,72,72 d.,,,,
GB-C 148-3,keine_id,Brandstätte / St. Stephan,1425,,,72,72 d.,,,,
GB-C 148-4,keine_id,Riemergasse,1425,,,144,0.5 tl. 24 d.,,,,
GB-C 149-1,keine_id,Bruchboden,1425,ja,,72,72 d.,,,,
GB-C 149-2,keine_id,vordere Peckenstraße,1425,,,72,72 d.,,,,
GB-C 149-3,keine_id,Alter Rossmarkt,1475,,,144,0.5 tl. 24 d.,,,,
GB-C 149-4,keine_id,Greut / vor Stubentor,1425,,,72,72 d.,,,,
GB-C 149-5,keine_id,Schenkenstraße,1425,,,72,72 d.,,,,
GB-C 150-1,DB5486b,unter den langen Tuchlauben,1425,,,,0 d.,,,,
GB-C 150-2,keine_id,unter den Fischern / vor Werdertor,1425,,,72,72 d.,,,,
GB-C 150-3,keine_id,Salzgries,1425,,,,0 d.,,,,
GB-C 150-4,keine_id,Salzgries,1425,,,72,72 d.,,,,
GB-C 151-1,DB4503,Singerstraße,1425,,,72,72 d.,,,,
GB-C 151-2,DB4503,Singerstraße,1425,,,72,72 d.,,,,
GB-C 151-3,DB4503,Singerstraße,1425,,,72,72 d.,,,,
GB-C 151-4,DB5561,Hühnergässchen,1425,,,,0 d.,,,,
GB-C 151-5,DB0037,Alserstraße,1425,,,144,0.5 tl. 24 d.,,,,
GB-C 152-1,keine_id,Kernerstraße,1425,,,72,72 d.,,,,
GB-C 152-2,keine_id,Krugstraße,1425,,,72,72 d.,,,,
GB-C 152-3,DB5212,Wiltwerkerstraße,1425,,,72,72 d.,,,,
GB-C 152-4,keine_id,Graben,1425,,,,0 d.,,,,
GB-C 152-5,keine_id,Kernerstraße,1425,,,,0 d.,,,,
GB-C 152-6,DB0079,Bognergasse,1425,,,,0 d.,,,,
GB-C 153-1,DB5329,Judengasse,1425,,,144,0.5 tl. 24 d.,,,,
GB-C 153-2,DB5542,unter den Sattlern,1425,,,,0 d.,,,,
GB-C 153-3,keine_id,Neuer Markt,1425,,,72,72 d.,,,,
GB-C 153-4,keine_id,vor Stubentor,1425,,,76,76 d.,,,,
GB-C 154-1,keine_id,vor Kernertor,1425,,,72,72 d.,,,,
GB-C 154-2,keine_id,vor Stubentor,1426,ja,,72,72 d.,,,,
GB-C 154-3,DB0048,Alserstraße / vor Schottentor,1426,,,,0 d.,,,,
GB-C 154-4,keine_id,Singerstraße,1426,ja,,72,72 d.,,,,
GB-C 154-5,keine_id,Himmelpforten,1426,ja,,,0 d.,,,,
GB-C 155-1,keine_id,Münzerstraße,1423,,,,0 d.,,,,
GB-C 155-2,keine_id,Roter Turm,1426,,,,0 d.,,,,
GB-C 155-3,DB5486b,unter den langen Tuchlauben,1426,,,72,72 d.,,,,
GB-C 155-4,keine_id,hintere Peckenstraße,1426,,,72,72 d.,,,,
GB-C 155-5,keine_id,unter den Fischern,1426,,,72,72 d.,,,,
GB-C 155-6,keine_id,Bürgerkolleg,1426,,,72,72 d.,,,,
GB-C 155-7,keine_id,Pippingerstraße,1426,,,72,72 d.,,,,
GB-C 156-1,keine_id,Alter Kohlmarkt / St. Michael,1426,,,72,72 d.,,,,
GB-C 156-2,DB0066,Alserstraße / vor Schottentor,1426,,,72,72 d.,,,,
GB-C 156-3,keine_id,St. Michael / unter den Fleischbänken,1426,,,72,72 d.,,,,
GB-C 156-4,keine_id,Heiligenkreuzerhof,1426,,,72,72 d.,,,,
GB-C 156-5,DB1058,Wiltwerkerstraße,1426,,kauf ,200,6 s. 20 d.,240,200,200 tl.,umb iiᶜ tl. d. 
GB-C 156-6,keine_id,Kernerstraße,1426,,,72,72 d.,,,,
GB-C 156-7,keine_id,Greut,1426,,,,0 d.,,,,
GB-C 157-1,keine_id,Münzerstraße,1426,,,72,72 d.,,,,
GB-C 157-2,keine_id,innerhalb Stubentor,1426,,,72,72 d.,,,,
GB-C 157-3,DB6000,Scheffstraße,1426,,,72,72 d.,,,,
GB-C 157-4,DB6000,Scheffstraße,1426,,,216,7 s. 6 d.,,,,
GB-C 157-5,(DB5418),Hoher Markt,1426,,,,0 d.,,,,
GB-C 157-6,keine_id,Preidenstraße,1426,,,72,72 d.,,,,
GB-C 157-7,keine_id,Roter Turm,1426,,,,0 d.,,,,
GB-C 158-1,DB5129,hinter St. Pankraz,1426,,,72,72 d.,,,,
GB-C 158-2,keine_id,hintere Peckenstraße,1426,,,72,72 d.,,,,
GB-C 158-3,keine_id,Neuer Markt,1426,,,144,0.5 tl. 24 d.,,,,
GB-C 158-4,keine_id,Greut / St. Johannsstraße,1426,,,,0 d.,,,,
GB-C 158-5,DB1003,Lederhof,1426,,,72,72 d.,,,,
GB-C 158-6,DB1072,Wiltwerkerstraße,1426,,,,0 d.,,,,
GB-C 159-1,DB1072,Wiltwerkerstraße,1426,,,,0 d.,,,,
GB-C 159-2,keine_id,vor Werdertor,1426,,,144,0.5 tl. 24 d.,,,,
GB-C 159-3,keine_id,vor Werdertor,1426,ja,,,0 d.,,,,
GB-C 159-4,DB6000,Scheffstraße,1426,,,72,72 d.,,,,
GB-C 159-5,keine_id,Werd,1426,,,72,72 d.,,,,
GB-C 159-6,keine_id,unter den Fischern / vor Werdertor,1426,,,72,72 d.,,,,
GB-C 160-1,keine_id,unter den Fischern / vor Werdertor,1426,,,144,0.5 tl. 24 d.,,,,
GB-C 160-2,keine_id,Weihenburg,1426,,,72,72 d.,,,,
GB-C 160-3,keine_id,Mietstatt / vor Kernertor,1426,,,72,72 d.,,,,
GB-C 160-4,keine_id,Mietstatt / vor Kernertor,1426,,,72,72 d.,,,,
GB-C 160-5,keine_id,Kienmarkt,1426,,,,0 d.,,,,
GB-C 160-6,keine_id,Weihenburg,1426,,,72,72 d.,,,,
GB-C 161-1,DB5487b,unter den Sattlern,1426,,,72,72 d.,,,,
GB-C 161-2,keine_id,vor Kernertor,1426,,,72,72 d.,,,,
GB-C 161-3,keine_id,Lichtensteg,1426,,,72,72 d.,,,,
GB-C 161-4,DB0121,hinter St. Pankraz,1426,,,,0 d.,,,,
GB-C 161-5,DB5111,hinter St. Pankraz,1426,,,,0 d.,,,,
GB-C 161-6,DB0043,#Alserstraße / vor Schottentor,1426,,,72,72 d.,,,,
GB-C 161-7,DB9001,Alter Rossmarkt,1426,,,,0 d.,,,,
GB-C 162-1,keine_id,Rosengasse,1426,,,,0 d.,,,,
GB-C 162-2,keine_id,Schwabgasse / vor Kernertor,1426,,,72,72 d.,,,,
GB-C 162-3,DB6000,Scheffstraße,1426,,,72,72 d.,,,,
GB-C 162-4,DB1012,Am Hof / Judengasse,1426,,,,0 d.,,,,
GB-C 162-5,keine_id,Hochstraße,1426,,,72,72 d.,,,,
GB-C 162-6,keine_id,Kernerstraße,1426,,,72,72 d.,,,,
GB-C 163-1,keine_id,innerhalb Werdertor,1426,,,,0 d.,,,,
GB-C 163-2,keine_id,Greut,1426,,,,0 d.,,,,
GB-C 163-3,DB6000,Scheffstraße / vor Stubentor,1426,,,72,72 d.,,,,
GB-C 163-4,(DB5479),unter den Pfeilschnitzern,1426,,,,0 d.,,,,
GB-C 163-5,keine_id,St. Johannsstraße,1426,,,72,72 d.,,,,
GB-C 163-6,keine_id,Alter Rossmarkt,1426,,,,0 d.,,,,
GB-C 163-7,keine_id,innerhalb Kernertor,1426,,,72,72 d.,,,,
GB-C 164-1,DB5480,unter den langen Tuchlauben,1426,,,,0 d.,,,,
GB-C 164-2,DB5220,Wiltwerkerstraße,1426,,,72,72 d.,,,,
GB-C 164-3,keine_id,vor Stubentor,1426,,,,0 d.,,,,
GB-C 164-4,DB1044,Weiße Brüder,1426,,,72,72 d.,,,,
GB-C 164-5,keine_id,Alter Kohlmarkt / #St. Michael,1427,,,,0 d.,,,,
GB-C 164-6,keine_id,hintere Peckenstraße,1427,,,72,72 d.,,,,
GB-C 165-1,keine_id,Brandstätte ?,1427,,,72,72 d.,,,,
GB-C 165-2,keine_id,vor Stubentor,1427,,,72,72 d.,,,,
GB-C 165-3,keine_id,Kienmarkt,1427,,,72,72 d.,,,,
GB-C 165-4,keine_id,Kienmarkt,1427,,,72,72 d.,,,,
GB-C 165-5,keine_id,Kienmarkt,1427,,,72,72 d.,,,,
GB-C 166-1,keine_id,Schenkenstraße,1427,,,72,72 d.,,,,
GB-C 166-2,keine_id,Alter Rossmarkt,1427,,,72,72 d.,,,,
GB-C 166-3,keine_id,Singerstraße,1427,,,72,72 d.,,,,
GB-C 166-4,keine_id,unter den Wendkremen,1427,,,72,72 d.,,,,
GB-C 167-1,keine_id,Kernerstraße,1427,,,72,72 d.,,,,
GB-C 167-2,DB5324,Judengasse,1427,,,,0 d.,,,,
GB-C 167-3,keine_id,Salzgries,1427,,,72,72 d.,,,,
GB-C 167-4,keine_id,Greut / vor Stubentor,1427,,,72,72 d.,,,,
GB-C 167-5,keine_id,vor Widmertor,1427,,,72,72 d.,,,,
GB-C 168-1,keine_id,Greut / vor Stubentor,1427,,,72,72 d.,,,,
GB-C 168-2,keine_id,Lichtensteg,1427,,,72,72 d.,,,,
GB-C 168-3,keine_id,Lichtensteg,1427,,,72,72 d.,,,,
GB-C 168-4,keine_id,Fischerstiege,1427,,,72,72 d.,,,,
GB-C 168-5,DB5115,hinter St. Pankraz,1427,,,72,72 d.,,,,
GB-C 168-6,DB5427,Hoher Markt,1427,,,318,10 s. 18 d.,,,,
GB-C 169-1,keine_id,unter den Fischern / vor Werdertor,1426,,,72,72 d.,,,,
GB-C 169-2,keine_id,Peckenstraße,1427,,,144,0.5 tl. 24 d.,,,,
GB-C 169-3,keine_id,Scheffstraße,1427,,,288,9 s. 18 d.,,,,
GB-C 169-4,keine_id,vor Widmertor,1427,,,,0 d.,,,,
GB-C 169-5,DB5418,unter den kurzen Tuchlauben,1427,,,,0 d.,,,,
GB-C 170-1,DB5107,hinter St. Pankraz,1427,,,72,72 d.,,,,
GB-C 170-2,keine_id,Stadtgraben / vor Widmertor,1426,,,72,72 d.,,,,
GB-C 170-3,keine_id,vor Stubentor,1427,,,72,72 d.,,,,
GB-C 170-4,keine_id,Burg / St. Michael,1427,,,,0 d.,,,,
GB-C 170-5,DB7028,Kernerstraße / St. Stephan,1427,,,72,72 d.,,,,
GB-C 170-6,DB6000,Scheffstraße,1427,,,72,72 d.,,,,
GB-C 171-1,keine_id,vor Stubentor,1427,,,72,72 d.,,,,
GB-C 171-2,keine_id,Münzerstraße,1427,,,72,72 d.,,,,
GB-C 171-3,keine_id,Heiligenkreuzerhof,1427,,,,0 d.,,,,
GB-C 171-4,keine_id,Alter Fleischmarkt,1427,,,72,72 d.,,,,
GB-C 171-5,keine_id,Kumpflucke / vor Kernertor,1427,,,,0 d.,,,,
GB-C 171-6,DB5429,Hoher Markt,1427,,,,0 d.,,,,
GB-C 172-1,keine_id,unter den Lederern / vor Werdertor,1427,,,,0 d.,,,,
GB-C 172-2,keine_id,Salzgries,1427,,,72,72 d.,,,,
GB-C 172-3,keine_id,Domprobsthof,1427,,,144,0.5 tl. 24 d.,,,,
GB-C 172-4,keine_id,Domprobsthof,1427,,,,0 d.,,,,
GB-C 172-5,keine_id,Traibotenstraße,1427,,,72,72 d.,,,,
GB-C 173-1,DB5432,Hoher Markt,1427,,,72,72 d.,,,,
GB-C 173-2,DB5503a,Münzerstraße,1428,,,,0 d.,,,,
GB-C 173-3,keine_id,Himmelpforten / unter den Wendkremen,1428,,,,0 d.,,,,
GB-C 173-4,keine_id,Wollzeile,1428,,,72,72 d.,400,120,120 tl.,umb iᶜ und xx tl. d.  
GB-C 173-5,keine_id,Kumpflucke,1428,,,40,40 d.,120,20,20 tl.,umb xx tl. d.  
GB-C 173-6,DB5503b,Münzerstraße,1433,,,,0 d.,,,,
GB-C 174-1,keine_id,Riemergasse,1428,,,72,72 d.,,,,
GB-C 174-2,keine_id,Riemhaus,1428,,,72,72 d.,,,,
GB-C 174-3,keine_id,Neuer Markt,1428,ja,,72,72 d.,,,,
GB-C 174-4,keine_id,vor Kernertor / Weidenstraße,1428,,,,,,,,
GB-C 174-5,DB5470,Peurertor,1428,,,72,72 d.,,,,
GB-C 174-6,DB5116,hinter St. Pankraz,1428,,,144,0.5 tl. 24 d.,,,,
GB-C 174-7,DB5449,Hühnergässchen,1428,,,72,72 d.,,,,
GB-C 175-1,DB1020,Wiltwerkerstraße,1428,,,72,72 d.,,,,
GB-C 175-2,DB5427c,Hoher Markt,1428,,,72,72 d.,,,,
GB-C 175-3,keine_id,Preidenstraße,1428,,,288,9 s. 18 d.,,,,
GB-C 175-4,keine_id,hintere Peckenstraße,1428,,,72,72 d.,,,,
GB-C 175-5,keine_id,Lichtensteg,1428,,,72,72 d.,,,,
GB-C 175-6,keine_id,unter den Fischern / vor Werdertor,1428,,,72,72 d.,,,,
GB-C 176-1,DB0126,hinter St. Pankraz,1428,,,72,72 d.,,,,
GB-C 176-2,keine_id,Salzgries,1428,,,72,72 d.,,,,
GB-C 176-3,DB5564,Taschnergäßchen,1428,,,72,72 d.,,,,
GB-C 176-4,keine_id,Weihenburg,1428,,2 1 ,72,72 d.,,,,
GB-C 176-5,keine_id,Weihenburg,1428,,,,0 d.,,,,
GB-C 176-6,keine_id,Schenkenstraße,1428,,,72,72 d.,,,,
GB-C 177-1,keine_id,Mietstatt / vor Kernertor,1428,,,72,72 d.,,,,
GB-C 177-2,keine_id,Weihenburg,1428,,,72,72 d.,,,,
GB-C 177-3,DB0030,Alserstraße / vor Schottentor,1428,,,72,72 d.,,,,
GB-C 177-4,DB5220a,Hohe Brücke / Judengasse,1428,,,72,72 d.,,,,
GB-C 177-5,keine_id,Schenkenstraße,1428,,,72,72 d.,,,,
GB-C 177-6,keine_id,unter den Goldschmieden,1428,,,,0 d.,,,,
GB-C 178-1,keine_id,vordere Peckenstraße,1428,,,72,72 d.,,,,
GB-C 178-2,DB0006,Heiligengeistspital / Neulucke,1428,,,72,72 d.,,,,
GB-C 178-3,keine_id,vor Werdertor,1428,,,144,0.5 tl. 24 d.,,,,
GB-C 178-4,keine_id,Greut / vor Stubentor,1429,,,72,72 d.,,,,
GB-C 178-5,keine_id,Lichtensteg,1439,,,72,72 d.,,,,
GB-C 179-1,keine_id,Schotten,1429,,,72,72 d.,,,,
GB-C 179-2,keine_id,unter den Goldschmieden,1429,,,144,0.5 tl. 24 d.,,,,
GB-C 179-3,DB5301,Weiße Brüder,1429,,,72,72 d.,,,,
GB-C 179-4,DB0044,Alserstraße,1429,,,,0 d.,,,,
GB-C 179-5,DB5130,hinter St. Pankraz,1429,ja,,72,72 d.,,,,
GB-C 180-1,DB5449a,Hühnergässchen,1429,,,72,72 d.,,,,
GB-C 180-2,DB5449b,Hühnergässchen / Taschnerhaus,1429,,,72,72 d.,,,,
GB-C 180-3,DB5429,Hoher Markt,1429,,,,0 d.,,,,
GB-C 180-4,keine_id,Krugstraße,1429,,,,,,,,
GB-C 180-5,keine_id,Greut / vor Stubentor,1429,,,72,72 d.,,,,
GB-C 181-1,keine_id,Mentlerstraße,1429,,,144,0.5 tl. 24 d.,,,,
GB-C 181-2,DB5038,Wiltwerkerstraße,1429,,,72,72 d.,,,,
GB-C 181-3,keine_id,Schulstraße / Wollzeile,1429,,,72,72 d.,,,,
GB-C 181-4,keine_id,Schulstraße / Wollzeile,1429,,,72,72 d.,,,,
GB-C 181-5,DB0045,Alserstraße / vor Schottentor,1429,,,72,72 d.,,,,
GB-C 181-6,DB5531,unter den Sattlern,1429,,,72,72 d.,,,,
GB-C 182-1,keine_id,Weihenburg,1429,,,72,72 d.,,,,
GB-C 182-2,DB5103,hinter St. Pankraz,1429,,,72,72 d.,,,,
GB-C 182-3,keine_id,unter den Schlossern,1429,,,72,72 d.,,,,
GB-C 182-4,keine_id,Katerlucke,1429,,,72,72 d.,,,,
GB-C 182-5,keine_id,Stadtgraben / vor Kernertor,1427,,,72,72 d.,,,,
GB-C 182-6,keine_id,bei den Unschlittgleten / Bürgerspital / Greut,1429,,,72,72 d.,,,,
GB-C 183-1,keine_id,Schenkenstraße,1429,,,72,72 d.,,,,
GB-C 183-2,keine_id,vor Kernertor,1429,,,72,72 d.,,,,
GB-C 183-3,keine_id,Haarmarkt / Vechtbrunnen,1429,,,72,72 d.,,,,
GB-C 183-4,keine_id,St. Jakob,1429,,,72,72 d.,,,,
GB-C 183-5,keine_id,Kienmarkt,1429,,,75,75 d.,,,,
GB-C 183-6,DB0058,Alserstraße / vor Schottentor,1429,,,72,72 d.,,,,
GB-C 184-1,keine_id,Kernerstraße,1429,,,72,72 d.,,,,
GB-C 184-2,keine_id,Alter Fleischmarkt,1429,,,72,72 d.,,,,
GB-C 184-3,keine_id,St. Johannsstraße / Traibotenstraße,1429,,,72,72 d.,,,,
GB-C 184-4,DB5420,Kramhof,1429,,,72,72 d.,,,,
GB-C 184-5,keine_id,Domprobsthof / St. Stephan,1429,,,72,72 d.,,,,
GB-C 184-6,DB5442,Berghof / Kürsenhaus,1429,,,72,72 d.,,,,
GB-C 184-7,DB5014,Tiefer Graben,1429,,,72,72 d.,,,,
GB-C 185-1,keine_id,Graben / unter den Schlossern,1429,,,72,72 d.,,,,
GB-C 185-2,DB5110,hinter St. Pankraz,1429,,,72,72 d.,,,,
GB-C 185-3,keine_id,unter den Gürtlern,1429,,,,0 d.,,,,
GB-C 185-4,keine_id,unter den Hafnern,1429,,,72,72 d.,,,,
GB-C 185-5,keine_id,Lichtensteg,1429,,,72,72 d.,,,,
GB-C 185-6,DB0076,Bognergasse,1429,,,,0 d.,,,,
GB-C 185-7,DB0074,Bognergasse,1429,,,,0 d.,,,,
GB-C 186-1,keine_id,vordere Peckenstraße,1429,,,72,72 d.,,,,
GB-C 186-2,keine_id,unter den Fischern / vor Werdertor,1429,,,72,72 d.,,,,
GB-C 186-3,keine_id,unter den Fleischbänken,1429,,,72,72 d.,,,,
GB-C 186-4,keine_id,Kumpflucke,1429,,,,0 d.,,,,
GB-C 186-5,keine_id,Roter Turm,1429,,,72,72 d.,,,,
GB-C 186-6,keine_id,Stadtgraben / vor Kernertor,1429,,,72,72 d.,,,,
GB-C 186-7,keine_id,St. Johannsstraße,1429,,,72,72 d.,,,,
GB-C 187-1,keine_id,Alter Rossmarkt,1429,,,72,72 d.,,,,
GB-C 187-2,DB0123,hinter St. Pankraz,1429,,,72,72 d.,,,,
GB-C 187-3,DB5547,unter den Sattlern,1429,,,576,2 tl. 3 s. 6 d.,,,,
GB-C 187-4,keine_id,St. Jakob,1429,,,72,72 d.,,,,
GB-C 187-5,keine_id,Lichtensteg,1429,,,72,72 d.,,,,
GB-C 188-1,keine_id,Alter Fleischmarkt,1429,,,144,0.5 tl. 24 d.,,,,
GB-C 188-2,keine_id,Tirna,1429,,,144,0.5 tl. 24 d.,,,,
GB-C 188-3,keine_id,Pippingerstraße,1429,,,72,72 d.,,,,
GB-C 188-4,DB0077a,Bognergasse,1429,,,72,72 d.,,,,
GB-C 189-1,DB0075,Bognergasse,1429,ja,,,0 d.,,,,
GB-C 189-2,DB1073,Hoher Markt / Wiltwerkerstraße,1429,,,72,72 d.,,,,
GB-C 189-3,DB0130,Altdonau,1429,,,96,3 s. 6 d.,30,12,12 tl.,umb xii tl. d.  
GB-C 189-4,keine_id,Burg,1429,,,72,72 d.,,,,
GB-C 190-1,keine_id,vor Werdertor,1429,,,72,72 d.,,,,
GB-C 190-2,keine_id,vor Werdertor,1429,,,216,7 s. 6 d.,,,,
GB-C 190-3,keine_id,Kernertor / Ringmauer,1429,,,,0 d.,,,,
GB-C 190-4,keine_id,Kernerstraße,1429,ja,,72,72 d.,,,,
GB-C 191-1,keine_id,vordere Peckenstraße,1429,,,72,72 d.,,,,
GB-C 191-2,keine_id,unter den Fischern,1429,,,,0 d.,,,,
GB-C 191-3,keine_id,Lichtensteg,1429,,,288,9 s. 18 d.,,,,
GB-C 191-4,DB0061,Alserstraße / vor Schottentor,1429,,,,0 d.,,,,
GB-C 192-1,keine_id,Wollzeile,1429,,,72,72 d.,176,53,40 G,umb xl guldein  
GB-C 192-2,keine_id,vor Stubentor,1439,,,72,72 d.,,,,
GB-C 193-1,keine_id,Hochstraße,1430,,,72,72 d.,,,,
GB-C 193-2,DB5487b,unter den langen Tuchlauben,1430,,,144,0.5 tl. 24 d.,,,,
GB-C 193-3,DB5487a,unter den Sattlern,1430,,,144,0.5 tl. 24 d.,,,,
GB-C 194-1,keine_id,vor Werdertor,1430,,,144,0.5 tl. 24 d.,,,,
GB-C 194-2,keine_id,Alter Fleischmarkt,1430,ja,,72,72 d.,,,,
GB-C 194-3,keine_id,Haarmarkt,1430,,,288,9 s. 18 d.,,,,
GB-C 194-4,DB0002,Neulucke / vor Widmertor,1430,ja,,72,72 d.,,,,
GB-C 195-1,keine_id,Haarmarkt,1430,,,72,72 d.,,,,
GB-C 195-2,keine_id,Heumarkt,1430,,,360,12 s.,,,,
GB-C 196-1,keine_id,Haarmarkt,1429,,,,0 d.,,,,
GB-C 196-2,keine_id,Lichtensteg,1430,,,288,9 s. 18 d.,,,,
GB-C 196-3,keine_id,Lichtensteg,1430,,,144,0.5 tl. 24 d.,,,,
GB-C 196-4,keine_id,Lichtensteg,1435,ja,,351,11 s. 21 d.,,,,
GB-C 197-1,keine_id,Lichtensteg,1430,,,,0 d.,,,,
GB-C 197-2,keine_id,Lichtensteg,1430,,,72,72 d.,,,,
GB-C 197-3,keine_id,Lichtensteg,1428,,,,0.5 tl. 24 d. ?,,,,
GB-C 197-4,keine_id,Greut / vor Stubentor,1430,,,144,0.5 tl. 24 d.,,,,
GB-C 197-5,keine_id,vor Kernertor,1430,,,144,0.5 tl. 24 d.,,,,
GB-C 198-1,keine_id,Graben,1430,,,72,72 d.,,,,
GB-C 198-2,keine_id,Graben,1430,,,72,72 d.,,,,
GB-C 198-3,keine_id,Kernerstraße,1430,,,144,0.5 tl. 24 d.,,,,
GB-C 199-1,keine_id,Kernerstraße,1430,,,72,72 d.,,,,
GB-C 199-2,keine_id,St. Johannsstraße,1430,,,72,72 d.,,,,
GB-C 199-3,keine_id,bei den Predigern,1430,,,72,72 d.,,,,
GB-C 199-4,keine_id,vor Widmertor,1430,ja,,,0 d.,,,,
GB-C 200-1,keine_id,bei den Predigern,1430,,,72,72 d.,,,,
GB-C 200-2,keine_id,Weihenburg,1430,ja,,,0 d.,,,,
GB-C 200-3,keine_id,Riemergasse / Kumpfgasse,1430,,,,0 d.,,,,
GB-C 200-4,keine_id,Weihenburg,1430,,,,0 d.,,,,
GB-C 201-1,keine_id,hintere Peckenstraße,1430,,,144,0.5 tl. 24 d.,,,,
GB-C 201-2,keine_id,Kernerstraße,1430,ja,,72,72 d.,,,,
GB-C 201-3,DB0077b,Bognergasse,1430,,,72,72 d.,,,,
GB-C 201-4,keine_id,Fischerstiege,1430,,,72,72 d.,,,,
GB-C 202-1,keine_id,Kienmarkt,1430,,,72,72 d.,,,,
GB-C 202-2,DB0006,Neulucke / vor Kernertor,1430,,,72,72 d.,,,,
GB-C 202-3,keine_id,Fischerstiege,1430,,,72,72 d.,,,,
GB-C 202-4,keine_id,Roter Turm,1430,,,72,72 d.,,,,
GB-C 203-1,keine_id,Alter Kohlmarkt,1430,,,72,72 d.,,,,
GB-C 203-2,keine_id,Neuer Markt,1430,ja,,144,0.5 tl. 24 d.,,,,
GB-C 203-3,keine_id,Neuer Markt,1430,ja,,72,72 d.,,,,
GB-C 203-4,keine_id,unter den Fischern / vor Werdertor,1430,,,72,72 d.,,,,
GB-C 204-1,keine_id,Stadtgraben / vor Stubentor,1430,,,72,72 d.,,,,
GB-C 204-2,DB6000,Scheffstraße / vor Stubentor,1430,ja,,144,0.5 tl. 24 d.,,,,
GB-C 204-3,DB5111,hinter St. Pankraz,1430,ja,,72,72 d.,,,,
GB-C 205-1,keine_id,Alter Kohlmarkt / St. Michael,1430,ja,,,0 d.,,,,
GB-C 205-2,DB5535a,unter den Sattlern,1430,,,72,72 d.,,,,
GB-C 205-3,DB5433,Hoher Markt,1430,,,72,72 d.,,,,
GB-C 205-4,keine_id,Kumpflucke / vor Kernertor,1430,,,72,72 d.,,,,
GB-C 206-1,keine_id,Kumpflucke,1430,,,144,0.5 tl. 24 d.,,,,
GB-C 206-2,keine_id,Riemergasse,1430,,,,0 d.,,,,
GB-C 206-3,keine_id,innerhalb Werdertor,1430,,,72,72 d.,,,,
GB-C 206-4,keine_id,Riemergasse,1430,,,,0 d.,,,,
GB-C 207-1,DB0026,Alserstraße,1430,ja,,72,72 d.,,,,
GB-C 207-2,keine_id,Kienmarkt,1430,,,72,72 d.,,,,
GB-C 208-1,keine_id,Münzhof,1431,,,504,2 tl. 24 d.,,,,
GB-C 208-2,keine_id,Münzhof,1431,,,72,72 d.,,,,
GB-C 208-3,keine_id,Mietstatt / vor Kernertor,1431,,,72,72 d.,,,,
GB-C 209-1,keine_id,Mietstatt / vor Kernertor,1431,,,72,72 d.,,,,
GB-C 209-2,keine_id,Graben,1431,,,,0.5 tl 24 d.,,,,
GB-C 209-3,keine_id,Wollzeile,1431,,,72,72 d.,,,,
GB-C 209-4,keine_id,Biberturm / vor Stubentor,1431,ja,,144,0.5 tl. 24 d.,,,,
GB-C 210-1,keine_id,Biberturm / vor Stubentor,1431,ja,,72,72 d.,,,,
GB-C 210-2,keine_id,Kernerstraße,1431,,,72,72 d.,,,,
GB-C 210-3,keine_id,vor Werdertor,1431,ja,,144,0.5 tl. 24 d.,,,,
GB-C 210-4,DB5490,unter den langen Tuchlauben,1431,ja,,,0 d.,,,,
GB-C 211-1,keine_id,Mentlerstraße,1431,,,72,72 d.,,,,
GB-C 211-2,keine_id,Alter Fleischmarkt / Laurenzerinnen,1430,ja,,,0 d.,,,,
GB-C 211-3,DB1046,Badstube zu den Röhren,1431,,,390,13 s.,246,400,400 tl.,umb iiiiᶜ tl. d. Wienner phenning  
GB-C 212-1,keine_id,Fischergasse / vor Werdertor,1431,ja,,,0 d.,,,,
GB-C 212-2,DB5219,Otto und Haimo,1431,ja,,,0 d.,,,,
GB-C 213-1,DB5401,Berghof,1431,ja,,72,72 d.,,,,
GB-C 213-2,keine_id,Domprobsthof,1431,,,72,72 d.,,,,
GB-C 213-3,keine_id,Münzerstraße,1431,,,72,72 d.,,,,
GB-C 213-4,keine_id,,1431,,,,0 d.,,,,
GB-C 214-1,keine_id,Lichtensteg,1431,,,72,72 d.,,,,
GB-C 214-2,DB5451,Hoher Markt / Kienmarkt,1431,,,144,0.5 tl. 24 d.,,,,
GB-C 214-3,DB5435,Hoher Markt,1431,,,72,72 d.,,,,
GB-C 215-1,keine_id,Kienmarkt,1431,,,72,72 d.,,,,
GB-C 215-2,keine_id,Neunburgerstraße / vor Schottentor,1421,,,72,72 d.,,,,
GB-C 215-3,keine_id,vor Stubentor,1431,,,72,72 d.,,,,
GB-C 215-4,keine_id,innerhalb Werdertor / unter den Goldschmieden,1431,,,72,72 d.,,,,
GB-C 216-1,DB5449a,Hühnergässchen / Taschnerhaus,1431,,,72,72 d.,,,,
GB-C 216-2,keine_id,Stadtgraben / vor Stubentor,1431,,,432,14 s. 12 d.,,,,
GB-C 216-3,keine_id,Stadtgraben / vor Stubentor,1431,,,72,72 d.,,,,
GB-C 217-1,keine_id,Schweinemarkt,1430,ja,,120,0.5 tl.,,,,
GB-C 217-2,keine_id,Schweinemarkt,1431,,,32,32 d.,,,,
GB-C 217-3,keine_id,Schweinemarkt,1431,,,72,72 d.,,,,
GB-C 217-4,keine_id,Schweinemarkt,1431,,,270,9 s.,,,,
GB-C 217-5,DB7003,unter den Flößern / vor Werdertor,1431,,,72,72 d.,,,,
GB-C 218-1,keine_id,vor Werdertor,1431,,,72,72 d.,,,,
GB-C 218-2,keine_id,vor Werdertor,1431,,,120,0.5 tl.,,,,
GB-C 218-3,keine_id,Schweinemarkt,1431,,,120,0.5 tl.,,,,
GB-C 218-4,DB0132,Altdonau / vor Stubentor,1431,,,,0 d.,,,,
GB-C 219-1,keine_id,Haarmarkt / Vechtbrunnen,1431,ja,,72,72 d.,,,,
GB-C 219-2,keine_id,Klebergasse / vor Stubentor,1433,,,,0 d.,,,,
GB-C 220-1,keine_id,Krugstraße,1432,ja,,72,72 d.,,,,
GB-C 220-2,keine_id,Stephansfreithof,1432,ja,,72,72 d.,,,,
GB-C 220-3,keine_id,Krugstraße,1432,ja,,72,72 d.,,,,
GB-C 221-1,keine_id,Graben / Petersfreithof,1432,ja,,288,9 s. 18 d.,,,,
GB-C 221-2,DB5563,Hühnergässchen / Münzerstraße,1432,,,72,72 d.,,,,
GB-C 221-3,DB1049?,DB1046,1432,,,180,6 s.,,,,
GB-C 222-1,keine_id,Singerstraße,1432,,,70,70 d.,,,,
GB-C 222-2,keine_id,Weihenburg,1432,,,72,72 d.,,,,
GB-C 222-3,keine_id,Domprobsthof,1432,,,72,72 d.,,,,
GB-C 223-1,keine_id,Burg,1432,ja,,,0 d.,,,,
GB-C 223-2,keine_id,Judenfreithof / vor Kernertor,1430,,,40,40 d.,156,26,20 G,umb xx gulden  
GB-C 223-3,keine_id,vordere Peckenstraße,1432,,,,0 d.,,,,
GB-C 223-4,keine_id,Salzgries,1432,,,,0 d.,,,,
GB-C 224-1,DB5501,Kammerhof,1432,,,,0 d.,,,,
GB-C 224-2,keine_id,vor Kernertor,1432,,,72,72 d.,,,,
GB-C 225-1,keine_id,Kienmarkt,1432,,,210,7 s.,,,,
GB-C 225-2,keine_id,Stubentor,1432,,,,0 d.,,,,
GB-C 225-3,keine_id,unter den Lederern,1432,,,,0 d.,,,,
GB-C 225-4,DB5543,unter den Sattlern,1432,,,,0 d.,,,,
GB-C 226-1,keine_id,Bürgerspital / vor Kernertor,1432,,,,0 d.,,,,
GB-C 226-2,keine_id,Domprobsthof,1432,ja,,72,72 d.,,,,
GB-C 226-3,keine_id,Hochschule,1432,,,,0 d.,,,,
GB-C 226-4,keine_id,Preidenstraße,1432,,,72,72 d.,,,,
GB-C 227-1,keine_id,St. Maria Magdalena,1432,,,72,72 d.,,,,
GB-C 227-2,keine_id,St. Johannsstraße,1432,,,72,72 d.,,,,
GB-C 227-3,keine_id,Himmelpforten,1432,,,,0 d.,,,,
GB-C 228-1,keine_id,Domprobsthof / Petersfreithof,1432,ja,,,0 d.,,,,
GB-C 228-2,keine_id,unter den Hafnern,1432,,,72,72 d.,,,,
GB-C 228-3,keine_id,unter den Fischern,1432,,,144,0.5 tl. 24 d.,,,,
GB-C 228-4,DB1049,Judengasse,1432,,,72,72 d.,,,,
GB-C 229-1,keine_id,Preidenstraße,1432,,,72,72 d.,,,,
GB-C 229-2,keine_id,Preidenstraße,1432,,,72,72 d.,,,,
GB-C 229-3,keine_id,Preidenstraße,1432,,,72,72 d.,,,,
GB-C 229-4,keine_id,Preidenstraße,1432,,,72,72 d.,136,41,41 tl.,umb xli tl. d. 
GB-C 229-5,keine_id,Alter Kohlmarkt,1432,,,72,72 d.,,,,
GB-C 230-1,keine_id,St. Johannsstraße,1432,,,72,72 d.,,,,
GB-C 230-2,keine_id,Laimgrube / vor Widmertor,1432,,,72,72 d.,,,,
GB-C 230-3,keine_id,Krotental / vor Stubentor,1432,,,72,72 d.,,,,
GB-C 231-1,keine_id,vor Stubentor,1432,,,210,7 s.,,,,
GB-C 231-2,keine_id,Hochstraße,1432,,,,0 d.,,,,
GB-C 231-3,keine_id,Haarmarkt / unter den Fleischbänken,1432,,,72,72 d.,,,,
GB-C 232-1,keine_id,vordere Peckenstraße,1432,,,72,72 d.,,,,
GB-C 232-2,keine_id,Kumpflucke / vor Kernertor,1432,,,,0 d.,,,,
GB-C 232-3,keine_id,Petersfreithof,1432,,,72,72 d.,,,,
GB-C 232-4,keine_id,Salzgries,1432,,,72,72 d.,,,,
GB-C 233-1,DB5543,unter den Sattlern,1432,,,1440,6 tl.,,,,
GB-C 233-2,keine_id,Bürgerspital / vor Kernertor,1432,,,150,5 s.,,,,
GB-C 233-3,keine_id,Stubentor,1432,,,600,2.5 tl.,,,,
GB-C 233-4,keine_id,unter den Lederern,1432,,,60,60 d.,,,,
GB-C 234-1,DB0071,Bognergasse / Refelbühel,1432,,,72,72 d.,,,,
GB-C 234-2,keine_id,Salzgries,1432,,,72,72 d.,,,,
GB-C 234-3,keine_id,Greut / vor Stubentor,1432,,,72,72 d.,,,,
GB-C 234-4,keine_id,Brandstätte,1432,,,360,12 s.,,,,
GB-C 235-1,keine_id,Greut / vor Stubentor,1432,ja,,72,72 d.,,,,
GB-C 235-2,keine_id,unter den Hafnern,1432,ja,,144,0.5 tl. 24 d.,,,,
GB-C 235-3,keine_id,Alter Kohlmarkt,1432,,,72,72 d.,,,,
GB-C 236-1,keine_id,Alter Kohlmarkt,1432,,,72,72 d.,,,,
GB-C 236-2,keine_id,St. Michael,1432,,,72,72 d.,,,,
GB-C 236-3,DB0050,#Alserstraße / vor Schottentor,1432,,,72,72 d.,,,,
GB-C 236-4,DB0052,#Alserstraße / vor Schottentor,1432,,,72,72 d.,,,,
GB-C 237-1,keine_id,Lichtensteg / unter den Taschnern,1432,,,210,7 s.,,,,
GB-C 237-2,keine_id,vor Stubentor,1432,,,72,72 d.,,,,
GB-C 237-3,keine_id,Alter Kohlmarkt / Nadlergasse,1432,,,72,72 d.,,,,
GB-C 237-4,keine_id,Roter Turm / unter den Hafnern,1432,,,72,72 d.,,,,
GB-C 238-1,keine_id,Landstraße,1433,,,144,0.5 tl. 24 d.,,,,
GB-C 238-2,keine_id,Roter Turm,1433,,,288,9 s. 18 d.,,,,
GB-C 239-1,DB5483,Kammerhof,1433,,,72,72 d.,,,,
GB-C 239-2,DB5137,hinter St. Pankraz,1433,,,,0 d.,,,,
GB-C 239-3,keine_id,vor Werdertor,1433,,,72,72 d.,,,,
GB-C 239-4,keine_id,Kienmarkt,1432,ja,,72,72 d.,,,,
GB-C 240-1,keine_id,Alter Kohlmarkt,1433,,,72,72 d.,,,,
GB-C 240-2,DB5474,Peurertor,1433,,,72,72 d.,,,,
GB-C 240-3,keine_id,unter den langen Tuchlauben,1433,,,72,72 d.,,,,
GB-C 240-4,keine_id,Wollzeile,1433,,,140,0.5 tl. 20 d.,,,,
GB-C 241-1,keine_id,unter den Hafnern,1433,,,144,0.5 tl. 24 d.,,,,
GB-C 241-2,keine_id,Haarmarkt / Rotgasse,1433,ja,,,0 d.,,,,
GB-C 241-3,keine_id,Lichtensteg,1433,,,,0 d.,,,,
GB-C 241-4,DB5544,unter den Sattlern,1433,,,,0 d.,,,,
GB-C 242-1,DB0131,Altdonau,1433,,,,0 d.,,,,
GB-C 242-2,keine_id,unter den Goldschmieden,1433,,,,0 d.,,,,
GB-C 242-3,DB5219,Otto und Haimo,1433,ja,,360,12 s.,,,,
GB-C 243-1,keine_id,Salzgries,1433,,,72,72 d.,,,,
GB-C 243-2,keine_id,Salzgries,1433,,,72,72 d.,,,,
GB-C 244-1,keine_id,Peckenstraße,1433,,,72,72 d.,,,,
GB-C 244-2,keine_id,Peckenstraße,1433,,,72,72 d.,,,,
GB-C 244-3,keine_id,Würffel,1433,,,72,72 d.,,,,
GB-C 244-4,DB5438,Hoher Markt,1433,,,72,72 d.,,,,
GB-C 245-1,DB5037,Wiltwerkerstraße,1433,,,800,3 tl. 80 d.,,,,
GB-C 245-2,keine_id,Alter Kohlmarkt,1433,,,72,72 d.,,,,
GB-C 245-3,keine_id,Alter Kohlmarkt,1433,,,72,72 d.,,,,
GB-C 246-1,keine_id,vor Werdertor,1433,,,600,2.5 tl.,,,,
GB-C 246-2,keine_id,Ringmauer,1433,ja,,72,72 d.,136,41,31 UG,umb xxxi gulden  
GB-C 246-3,keine_id,Kienmarkt,1433,,,140,0.5 tl. 20 d.,,,,
GB-C 247-1,keine_id,Greut / vor Stubentor,1433,ja,,72,72 d.,,,,
GB-C 247-2,DB5129b,hinter St. Pankraz,1433,ja,,72,72 d.,,,,
GB-C 247-3,DB5129a,hinter St. Pankraz,1433,ja,,72,72 d.,,,,
GB-C 247-4,keine_id,vordere Peckenstraße,1433,,,72,72 d.,,,,
GB-C 248-1,keine_id,Heiligenkreuzerhof,1433,,,600,20 s.,,,,
GB-C 248-2,keine_id,Wollzeile,1433,ja,,72,72 d.,,,,
GB-C 248-3,keine_id,Wollzeile,1433,ja,,72,72 d.,,,,
GB-C 248-4,keine_id,Weihenburg,1433,,,,0 d.,,,,
GB-C 249-1,keine_id,bei den Predigern,1433,,,72,72 d.,,,,
GB-C 249-2,keine_id,bei den Predigern,1433,ja,,72,72 d.,,,,
GB-C 249-3,keine_id,vor Stubentor,1433,,,72,72 d.,,,,
GB-C 250-1,keine_id,vor Werdertor,1433,ja,,96,3 s. 6 d.,,,,
GB-C 250-2,DB7003,unter den Flößern / vor Werdertor,1433,,,72,72 d.,,,,
GB-C 250-3,keine_id,Salzgries,1433,,,72,72 d.,,,,
GB-C 250-4,keine_id,Salzgries,1433,,,72,72 d.,,,,
GB-C 251-1,keine_id,Alter Fleischmarkt,1433,,,144,0.5 tl. 24 d.,,,,
GB-C 251-2,keine_id,Greut / vor Stubentor,1433,,,72,72 d.,,,,
GB-C 251-3,keine_id,Lichtensteg,1433,,,,0 d.,,,,
GB-C 251-4,keine_id,Pippingerstraße,1433,,,500,2 tl. 20 d.,,,,
GB-C 252-1,DB5415,Hoher Markt,1433,,,,0 d.,,,,
GB-C 252-2,keine_id,vordere Peckenstraße,1433,,,,0 d.,,,,
GB-C 252-3,keine_id,Kienmarkt,1433,,,72,72 d.,,,,
GB-C 253-1,keine_id,Kienmarkt,1433,,,72,72 d.,,,,
GB-C 253-2,keine_id,Greut / vor Stubentor,1429,,,72,72 d.,,,,
GB-C 253-3,DB0024,Alserstraße / vor Schottentor,1433,ja,,270,9 s.,,,,
GB-C 253-4,keine_id,Lichtensteg,1433,,,800,3 tl. 80 d.,,,,
GB-C 254-1,DB5561,Hühnergässchen,1434,,,90,3 s.,,,,
GB-C 254-2,keine_id,Schenkenstraße,1434,ja,,72,72 d.,,,,
GB-C 254-3,keine_id,Schenkenstraße,1434,ja,,72,72 d.,,,,
GB-C 255-1,DB5522,Am Gestade,1434,ja,,,0 d.,,,,
GB-C 255-2,keine_id,Wollzeile,1438,,,,0 d.,,,,
GB-C 255-3,keine_id,Singerstraße,1433,,,444,14 s. 24 d.,,,,
GB-C 256-1,keine_id,innerhalb Werdertor,1434,,,72,72 d.,,,,
GB-C 256-2,keine_id,innerhalb Werdertor,1434,,,144,0.5 tl. 24 d.,,,,
GB-C 256-3,DB5415,Hoher Markt,1434,,,72,72 d.,,,,
GB-C 257-1,keine_id,Judenfreithof / vor Kernertor,1434,,,72,72 d.,,,,
GB-C 257-2,keine_id,Alter Kohlmarkt,1434,ja,,72,72 d.,,,,
GB-C 257-3,keine_id,Alter Kohlmarkt,1434,ja,,72,72 d.,,,,
GB-C 257-4,keine_id,Roter Turm,1434,,,72,72 d.,,,,
GB-C 258-1,keine_id,unter den Goldschmieden,1434,,,71,71 d.,,,,
GB-C 258-2,keine_id,Roter Turm,1434,,,72,72 d.,,,,
GB-C 258-3,keine_id,Salzgries,1434,,,72,72 d.,,,,
GB-C 258-4,keine_id,vordere Peckenstraße,1434,ja,,72,72 d.,,,,
GB-C 259-1,DB0092,Schaufellucke / St. Michael,1434,ja,,72,72 d.,,,,
GB-C 259-2,keine_id,Fischmarkt / unter den Wendkremen,1434,,,1104,4 tl. 4 s. 24 d.,,,,
GB-C 259-3,keine_id,unter den Flößern / vor Werdertor,1434,,,72,72 d.,,,,
GB-C 260-1,keine_id,Schottenau,1434,,,,0 d.,,,,
GB-C 260-2,DB0121,hinter St. Pankraz,1434,ja,,72,72 d.,,,,
GB-C 260-3,keine_id,hintere Peckenstraße / Hochschule,1434,,,72,72 d.,,,,
GB-C 260-4,keine_id,Lichtensteg,1434,,,,,,,,
GB-C 261-1,keine_id,Graben,1434,,,72,72 d.,,,,
GB-C 261-2,DB1003,Lederhof / Weiße Brüder,1434,ja,,72,72 d.,,,,
GB-C 261-3,keine_id,bei den Predigern,1434,,,72,72 d.,,,,
GB-C 261-4,keine_id,Kernerstraße,1434,,,72,72 d.,,,,
GB-C 261-5,keine_id,Kernerstraße,1434,,,72,72 d.,,,,
GB-C 262-1,(DB5452),Hoher Markt / Würffel,1434,,,288,9 s. 18 d.,,,,
GB-C 262-2,keine_id,Peckenstraße,1434,,,72,72 d.,,,,
GB-C 263-1,keine_id,Petersfreithof,1434,,,72,72 d.,,,,
GB-C 263-2,keine_id,Stadtgraben / vor Kernertor,1434,ja,,72,72 d.,,,,
GB-C 263-3,keine_id,vor Kernertor,1434,,,72,72 d.,,,,
GB-C 263-4,DB5420b,Hoher Markt / unter den Wendkremen,1434,,,270,9 s.,,,,
GB-C 264-1,keine_id,vor Stubentor,1434,,,72,72 d.,,,,
GB-C 264-2,keine_id,Fischhof,1434,,,72,72 d.,,,,
GB-C 264-3,keine_id,Alter Rossmarkt / unter den Schlossern,1434,ja,,72,72 d.,,,,
GB-C 265-1,keine_id,Burg,1434,,,72,72 d.,,,,
GB-C 265-2,DB5523,Am Gestade,1434,,,72,72 d.,,,,
GB-C 265-3,keine_id,Lichtensteg,1434,,,72,72 d.,,,,
GB-C 266-1,DB1070,Wiltwerkerstraße,1434,,,72,72 d.,,,,
GB-C 266-2,keine_id,innerhalb Werdertor / unter den Goldschmieden,1434,,,72,72 d.,,,,
GB-C 266-3,DB5100,hinter St. Pankraz,1434,,,72,72 d.,,,,
GB-C 266-4,keine_id,Neuer Markt,1434,,,72,72 d.,,,,
GB-C 267-1,DB5502,Kammerhof,1434,,,72,72 d.,,,,
GB-C 267-2,DB5458,unter den Tuchscherern,1434,,,72,72 d.,,,,
GB-C 267-3,DB5439,Hoher Markt,1434,ja,,72,72 d.,,,,
GB-C 267-4,keine_id,Singerstraße,1434,ja,,72,72 d.,,,,
GB-C 268-1,keine_id,Alter Fleischmarkt,1434,,,504,2 tl. 24 d.,,,,
GB-C 268-2,keine_id,St. Johann / vor Werdertor,1434,,,144,0.5 tl. 24 d.,,,,
GB-C 268-3,keine_id,vor Werdertor,1434,,,72,72 d.,,,,
GB-C 269-1,keine_id,vor Werdertor,1434,,,,0.5 tl. 72 d. ?,,,,
GB-C 269-2,keine_id,Singerstraße,1434,,,210,7 s.,,,,
GB-C 269-3,DB5405,Fischhof / Hoher Markt / Riemhaus,1434,,,,0 d.,,,,
GB-C 270-1,DB5407,Fischhof / Hoher Markt / Riemhaus,1434,ja,,,0 d.,,,,
GB-C 270-2,DB5406,Fischhof / Hoher Markt / neue Schranne / Riemhaus,1434,ja,,,0 d.,,,,
GB-C 270-3,keine_id,vor Stubentor,1434,ja,,,0 d.,,,,
GB-C 271-1,keine_id,Salzgries,1435,ja,,72,72 d.,,,,
GB-C 271-2,keine_id,Rotgasse,1435,ja,,72,72 d.,,,,
GB-C 271-3,DB0002,Neulucke / vor Widmertor,1434,ja,erbe ,72,72 d.,,,,
GB-C 272-1,DB0002,Neulucke / vor Widmertor,1434,ja,schenkung ,72,72 d.,,,,
GB-C 272-2,keine_id,Roter Turm,1435,,,72,72 d.,710,213,160 UG,umb Clx gulden  
GB-C 272-3,keine_id,Graben,1435,,,72,72 d.,,,,
GB-C 272-4,DB5524,Am Gestade,1435,ja,,,0 d.,,,,
GB-C 273-1,keine_id,vor Kernertor,1435,ja,,72,72 d.,,,,
GB-C 273-2,keine_id,vor Kernertor,1435,ja,,72,72 d.,,,,
GB-C 274-1,DB5107,hinter St. Pankraz,1435,ja,,144,0.5 tl. 24 d.,,,,
GB-C 274-2,keine_id,Fischerstiege,1435,,,216,7 s. 6 d.,,,,
GB-C 274-3,keine_id,Krotental / vor Stubentor,1435,,,,0 d.,,,,
GB-C 275-1,keine_id,Neuer Markt,1435,,,72,72 d.,,,,
GB-C 275-2,keine_id,unter den langen Tuchlauben,1435,,,,0 d.,,,,
GB-C 275-3,keine_id,Riemergasse,1435,,,,0 d.,,,,
GB-C 275-4,keine_id,unter den Wendkremen,1435,,,75,75 d.,,,,
GB-C 276-1,keine_id,Alter Rossmarkt / unter den Schlossern,1435,ja,,144,0.5 tl. 24 d.,,,,
GB-C 276-2,keine_id,Graben,1435,,,72,72 d.,,,,
GB-C 276-3,keine_id,Graben,1435,,,72,72 d.,,,,
GB-C 277-1,keine_id,Riemergasse / St. Jakob,1435,ja,,72,72 d.,,,,
GB-C 277-2,keine_id,St. Johannsstraße,1433,,,72,72 d.,,,,
GB-C 277-3,keine_id,St. Johannsstraße,1433,,,72,72 d.,,,,
GB-C 278-1,keine_id,St. Johannsstraße,1433,,kauf ,72,72 d.,,,,
GB-C 278-2,DB5217,Wiltwerkerstraße,1435,,,210,7 s.,,,,
GB-C 278-3,DB5507,Kammerhof,1435,,,72,72 d.,,,,
GB-C 279-1,keine_id,vor Werdertor,1435,,,144,0.5 tl. 24 d.,,,,
GB-C 279-2,keine_id,Walichstraße,1435,ja,,72,72 d.,,,,
GB-C 280-1,keine_id,Alter Fleischmarkt,1435,,,72,72 d.,,,,
GB-C 280-2,keine_id,Alter Fleischmarkt,1435,,,72,72 d.,,,,
GB-C 281-1,keine_id,Greut / vor Stubentor,1435,,,144,0.5 tl. 24 d.,,,,
GB-C 281-2,keine_id,Kumpflucke / vor Kernertor,1435,,,,0 d.,,,,
GB-C 281-3,DB1064,Wiltwerkerstraße,1435,,erbe ,72,72 d.,,,,
GB-C 281-4,keine_id,unter den Flößern / vor Werdertor,1435,,,72,72 d.,,,,
GB-C 281-5,keine_id,unter den Flößern / vor Werdertor,1435,,,72,72 d.,,,,
GB-C 282-1,DB0077c,Bognergasse,1435,,,72,72 d.,,,,
GB-C 282-2,keine_id,Hochstraße,1435,,,360,12 s.,,,,
GB-C 282-3,keine_id,Stadtgraben / vor Stubentor,1435,,,72,72 d.,,,,
GB-C 283-1,DB1022,Wiltwerkerstraße,1435,,,720,3 tl.,,,,
GB-C 283-2,keine_id,unter den Hafnern,1435,,,72,72 d.,,,,
GB-C 283-3,keine_id,vordere Peckenstraße,1435,,,,0 d.,,,,
GB-C 283-4,keine_id,Neuer Markt,1435,ja,,72,72 d.,,,,
GB-C 284-1,keine_id,Neuer Markt,1435,ja,,72,72 d.,,,,
GB-C 284-2,keine_id,Landstraße / vor Stubentor,1435,,,72,72 d.,,,,
GB-C 284-3,DB0045,Alserstraße,1435,,,270,9 s.,,,,
GB-C 284-4,keine_id,unter den Segnern,1435,,,72,72 d.,,,,
GB-C 285-1,DB7003,unter den Flößern / vor Werdertor,1435,,,72,72 d.,,,,
GB-C 285-2,keine_id,vordere Peckenstraße,1435,,,72,72 d.,,,,
GB-C 285-3,keine_id,Kernerstraße / Neuer Markt,1435,,,288,9 s. 18 d.,,,,
GB-C 285-4,keine_id,Kernerstraße,1435,,,200,6 s. 20 d.,120,100.0,100 tl. für 1/2,umb hundert pfunt pfenning  
GB-C 286-1,keine_id,Bürgerspital / vor Kernertor,1435,,,,0 d.,,,,
GB-C 286-2,keine_id,Rosstränke / vor Werdertor,1435,,,,0 d.,,,,
GB-C 286-3,keine_id,unter den Schlossern,1435,ja,,,0 d.,,,,
GB-C 287-1,keine_id,Alter Kohlmarkt / #St. Michael,1435,,,72,72 d.,,,,
GB-C 287-2,keine_id,Singerstraße,1435,,,72,72 d.,,,,
GB-C 287-3,keine_id,Singerstraße,1435,,,,0 d.,,,,
GB-C 288-1,DB0047,#Alserstraße / unter den Lederern / vor Schottentor,1435,,,72,72 d.,,,,
GB-C 288-2,keine_id,Kienmarkt,1435,,,72,72 d.,,,,
GB-C 288-3,keine_id,unter den Hafnern,1435,ja,,72,72 d.,,,,
GB-C 289-1,keine_id,Haarmarkt,1435,,,72,72 d.,,,,
GB-C 289-2,keine_id,vor Werdertor,1435,,,,0 d.,,,,
GB-C 289-3,keine_id,Wollzeile,1435,,,72,72 d.,,,,
GB-C 289-4,DB5521,Am Gestade,1435,ja,,72,72 d.,,,,
GB-C 289-5,keine_id,Petersfreithof,1435,,,72,72 d.,,,,
GB-C 291-1,keine_id,Domprobsthof,1436,ja,,72,72 d.,,,,
GB-C 291-2,keine_id,Salzgries,1436,,,144,0.5 tl. 24 d.,,,,
GB-C 292-1,keine_id,Wollzeile,1436,,,480,2 tl.,,,,
GB-C 292-2,keine_id,Roter Turm,1436,,,72,72 d.,,,,
GB-C 293-1,keine_id,Kernerstraße,1436,,,72,72 d.,,,,
GB-C 293-2,keine_id,Teinfaltstraße,1436,,,72,72 d.,,,,
GB-C 293-3,keine_id,St. Johannsstraße,1436,ja,,72,72 d.,,,,
GB-C 294-1,keine_id,vor Kernertor,1436,ja,,72,72 d.,,,,
GB-C 294-2,keine_id,Bürgerspital / vor Kernertor,1436,,,72,72 d.,,,,
GB-C 294-3,keine_id,vor Kernertor,1436,ja,,72,72 d.,,,,
GB-C 294-4,keine_id,unter den Goldschmieden / Werdertor,1436,,,71,71 d.,,,,
GB-C 295-1,keine_id,vor Werdertor,1435,,,72,72 d.,,,,
GB-C 295-2,keine_id,Münzerstraße,1436,,,,0 d.,,,,
GB-C 295-3,keine_id,auf dem Anger,1436,ja,,72,72 d.,,,,
GB-C 295-4,keine_id,Liechtensteg,1436,,,72,72 d.,,,,
GB-C 296-1,keine_id,St. Jakob / Viehhof,1436,,,72,72 d.,,,,
GB-C 296-2,keine_id,Kienmarkt,1436,ja,,72,72 d.,,,,
GB-C 296-3,keine_id,Kienmarkt,1436,,,72,72 d.,,,,
GB-C 297-1,keine_id,Kienmarkt,1436,ja,,72,72 d.,,,,
GB-C 297-2,DB5207,Wiltwerkerstraße,1436,,,,0 d.,,,,
GB-C 297-3,DB5030,Schiltergasse,1436,ja,erbe ,,0 d.,,,,
GB-C 298-1,keine_id,Alter Kohlmarkt,1436,,,72,72 d.,,,,
GB-C 298-2,keine_id,Stadtgraben / vor Stubentor,1436,,,,0 d.,,,,
GB-C 298-3,keine_id,unter den langen Tuchlauben,1436,,,72,72 d.,,,,
GB-C 299-1,keine_id,,1436,,,240,1 tl.,,,,
GB-C 299-2,keine_id,innerhalb Stubentor,1436,,,,0 d.,,,,
GB-C 299-3,keine_id,innerhalb Stubentor,1436,,,,0 d.,,,,
GB-C 300-1,DB1010a,Herzoghof / Lederhof,1436,,,,0 d.,,,,
GB-C 300-2,keine_id,Greut / vor Stubentor,1436,,,,0 d.,,,,
GB-C 300-3,keine_id,Brandstätte,1436,,,,0 d.,,,,
GB-C 301-1,keine_id,Walichstraße,1436,,,72,72 d.,,,,
GB-C 301-2,DB5213,Wiltwerkerstraße,1436,,,72,72 d.,,,,
GB-C 301-3,keine_id,Kienmarkt,1436,,,72,72 d.,,,,
GB-C 301-4,keine_id,Kienmarkt,1436,,,72,72 d.,,,,
GB-C 302-1,keine_id,Himmelpforten,1436,ja,,72,72 d.,,,,
GB-C 302-2,keine_id,Teinfaltstraße,1436,,,72,72 d.,,,,
GB-C 302-3,keine_id,Heiligenkreuzerhof,1436,,,72,72 d.,,,,
GB-C 303-1,keine_id,Alter Rossmarkt,1436,,,72,72 d.,,,,
GB-C 303-2,keine_id,Singerstraße,1436,,,72,72 d.,,,,
GB-C 303-3,DB1025,Schulhof,1436,,,72,72 d.,,,,
GB-C 304-1,keine_id,innerhalb Stubentor,1436,ja,,72,72 d.,,,,
GB-C 304-2,keine_id,Haarmarkt,1436,,,186,6 s. 6 d.,,,,
GB-C 304-3,DB5544,unter den Sattlern,1436,,,72,72 d.,,,,
GB-C 304-4,DB0131,Altdonau,1436,,,72,72 d.,,,,
GB-C 305-1,keine_id,innerhalb Stubentor / Wollzeile,1436,,,72,72 d.,,,,
GB-C 305-2,DB5135,hinter St. Pankraz / Nadlergasse,1436,,,72,72 d.,,,,
GB-C 305-3,keine_id,Bürgerspital / vor Kernertor,1436,ja,,72,72 d.,,,,
GB-C 306-1,keine_id,Kumpfgasse,1436,,,72,72 d.,,,,
GB-C 306-2,DB5536,unter den Sattlern,1436,,,,0 d.,,,,
GB-C 306-3,DB5429,Hoher Markt,1436,,,,0 d.,,,,
GB-C 307-1,DB5503,Münzerstraße,1436,,,72,72 d.,,,,
GB-C 307-2,DB5504,Kammerhof,1436,,,72,72 d.,,,,
GB-C 308-1,keine_id,Alter Fleischmarkt,1436,,,72,72 d.,,,,
GB-C 308-2,DB0060,Alserstraße / vor Schottentor,1436,,,72,72 d.,,,,
GB-C 308-3,keine_id,Alter Rossmarkt,1436,,,72,72 d.,,,,
GB-C 308-4,keine_id,St. Johannsstraße,1436,,,72,72 d.,,,,
GB-C 309-1,keine_id,Singerstraße,1436,,,72,72 d.,,,,
GB-C 309-2,keine_id,Haarmarkt,1436,,,72,72 d.,,,,
GB-C 309-3,DB1073,Wiltwerkerstraße,1436,,,72,72 d.,,,,
GB-C 310-1,DB0003,Neulucke / vor Widmertor,1436,,,72,72 d.,,,,
GB-C 310-2,DB5541,unter den Sattlern,1436,,,,0.5 tl. 24 d. ?,,,,
GB-C 311-1,DB5440b,Hoher Markt,1436,,,72,72 d.,,,,
GB-C 311-2,DB5440a,Hoher Markt,1436,,,72,72 d.,,,,
GB-C 311-3,keine_id,Wollzeile,1436,,,72,72 d.,,,,
GB-C 312-1,keine_id,Singerstraße,1436,,,72,72 d.,,,,
GB-C 312-2,keine_id,Bürgerspital / vor Kernertor,1436,,,,0 d.,,,,
GB-C 312-3,keine_id,Alter Fleischmarkt,1437,,,,0 d.,,,,
GB-C 313-1,keine_id,vor Kernertor,1437,,,72,72 d.,,,,
GB-C 313-2,keine_id,Kernerstraße,1437,,,72,72 d.,,,,
GB-C 314-1,keine_id,vor Stubentor,1437,,,72,72 d.,,,,
GB-C 314-2,DB0045,Alserstraße,1437,ja,,144,4 s. 24 d.,,,,
GB-C 314-3,keine_id,innerhalb Stubentor,1437,,,,0 d.,,,,
GB-C 315-1,keine_id,unter den Lederern,1437,,,72,72 d.,,,,
GB-C 315-2,keine_id,Laimgrube / vor Widmertor,1437,ja,,72,72 d.,,,,
GB-C 315-3,keine_id,Wollzeile,1437,,,72,72 d.,,,,
GB-C 315-4,keine_id,vordere Peckenstraße,1437,,,144,0.5 tl. 24 d.,,,,
GB-C 316-1,keine_id,Haarmarkt,1437,,,72,72 d.,,,,
GB-C 316-2,keine_id,Kienmarkt,1437,,,144,0.5 tl. 24 d.,,,,
GB-C 316-3,DB5435,Hoher Markt,1437,,,144,0.5 tl. 24 d.,,,,
GB-C 317-1,keine_id,Neunburgerstraße / vor Schottentor,1437,,,144,0.5 tl. 24 d.,,,,
GB-C 317-2,DB7030,hintere Peckenstraße,1437,,,144,0.5 tl. 24 d.,,,,
GB-C 317-3,keine_id,Stadtgraben / vor Stubentor,1437,ja,,72,72 d.,,,,
GB-C 318-1,keine_id,Landstraße,1437,,,216,7 s. 6 d.,,,,
GB-C 318-2,keine_id,Kienmarkt,1437,,,504,2 tl. 24 d.,,,,
GB-C 318-3,keine_id,Haarmarkt,1437,,,72,72 d.,,,,
GB-C 319-1,keine_id,Haarmarkt,1437,,,,0 d.,,,,
GB-C 319-2,DB7028,Kernerstraße / Krugstraße,1437,,,72,72 d.,,,,
GB-C 319-3,DB5480,unter den langen Tuchlauben,1437,,,258,8 s. 18 d.,,,,
GB-C 320-1,keine_id,Stadtgraben / vor Stubentor,1437,ja,,72,72 d.,,,,
GB-C 320-2,keine_id,Fischerstiege,1437,ja,,,0 d.,,,,
GB-C 320-3,DB0110,Haarhof,1437,ja,,72,72 d.,,,,
GB-C 321-1,keine_id,Lichtensteg,1437,,,72,72 d.,,,,
GB-C 321-2,keine_id,Wollzeile,1437,,,,0 d.,,,,
GB-C 321-3,keine_id,hintere Peckenstraße,1437,,,,0 d.,,,,
GB-C 322-1,keine_id,Stadtgraben / vor Kernertor,1437,ja,,216,7 s. 6 d.,,,,
GB-C 322-2,keine_id,Greut / unter den Lederern / vor Stubentor,1437,,,,0 d.,,,,
GB-C 322-3,keine_id,vor Kernertor,1437,,,,0 d.,,,,
GB-C 323-1,DB6000,Scheffstraße / vor Stubentor,1437,,,72,72 d.,,,,
GB-C 323-2,keine_id,Alter Kohlmarkt,1437,,,72,72 d.,,,,
GB-C 323-3,keine_id,Petersfreithof,1437,,,72,72 d.,,,,
GB-C 324-1,keine_id,Alter Kohlmarkt,1437,ja,,144,0.5 tl. 24 d.,,,,
GB-C 324-2,keine_id,unter den Fischern / vor Werdertor,1437,,,,0 d.,,,,
GB-C 324-3,keine_id,unter den Fischern / vor Werdertor,1437,,,,0 d.,,,,
GB-C 324-4,keine_id,Alter Kohlmarkt,1437,,,30,30 d.,,,,
GB-C 325-1,keine_id,Bürgerspital / vor Kernertor,1437,,,72,72 d.,,,,
GB-C 325-2,keine_id,innerhalb Werdertor,1437,ja,,10,10 d.,,,,
GB-C 325-3,keine_id,Münzerstraße,1437,,,576,2 tl. 3 s. 6 d.,,,,
GB-C 325-4,keine_id,Haarmarkt / Vechtbrunnen,1437,,,,2 tl. 3 s. 6.,,,,
GB-C 326-1,keine_id,Lichtensteg,1437,,,72,72 d.,,,,
GB-C 326-2,keine_id,Brandstätte,1437,,,72,72 d.,,,,
GB-C 326-3,keine_id,vordere Peckenstraße,1437,,,72,72 d.,,,,
GB-C 326-4,keine_id,Haarmarkt / Vechtbrunnen,1437,ja,,72,72 d.,,,,
GB-C 327-1,keine_id,bei den Predigern,1437,ja,,72,72 d.,,,,
GB-C 327-2,keine_id,Mietstatt / vor Kernertor,1437,,,72,72 d.,,,,
GB-C 327-3,keine_id,Domprobsthof,1437,,,444,14 s. 24 d.,,,,
GB-C 328-1,keine_id,Lichtensteg,1437,,,72,72 d.,,,,
GB-C 328-2,keine_id,Alter Kohlmarkt / #St. Michael,1437,,,,0 d.,,,,
GB-C 328-3,keine_id,Stadtgraben / vor Stubentor,1437,,,1100,4 tl. 4 s. 20 d.,120,550,550 tl.,umb funfhundert und funfczig pfunt pfenning  
GB-C 328-4,keine_id,Lichtensteg,1437,,,,,,,,
GB-C 329-1,keine_id,Riemergasse,1437,,,144,0.5 tl. 24 d.,,,,
GB-C 329-2,keine_id,Kienmarkt,1437,,,72,72 d.,,,,
GB-C 329-3,keine_id,Kienmarkt,1437,,,144,4 s. 24 d.,,,,
GB-C 330-1,keine_id,Alter Fleischmarkt,1437,ja,,72,72 d.,,,,
GB-C 330-2,keine_id,Alter Fleischmarkt / unter den Hafnern,1437,,,72,72 d.,,,,
GB-C 330-3,keine_id,vor Stubentor,1437,,,72,72 d.,,,,
GB-C 330-4,keine_id,Kienmarkt,1437,,,216,7 s. 6 d.,,,,
GB-C 331-1,keine_id,Kienmarkt,1437,,,72,72 d.,,,,
GB-C 331-2,keine_id,Neuer Markt,1437,,,71,71 d.,,,,
GB-C 331-3,DB0121,hinter St. Pankraz,1437,,,72,72 d.,,,,
GB-C 331-4,keine_id,Preidenstraße,1437,,,144,0.5 tl. 24 d.,,,,
GB-C 332-1,keine_id,bei den Predigern,1437,,,143,0.5 tl. 23 d.,,,,
GB-C 332-2,DB0078,Bognergasse,1437,ja,,72,72 d.,,,,
GB-C 332-3,keine_id,Domprobsthof,1437,,,72,72 d.,,,,
GB-C 332-4,keine_id,Preidenstraße,1436,,,144,0.5 tl. 24 d.,,,,
GB-C 333-1,keine_id,unter den Spenglern,1437,,,144,0.5 tl. 24 d.,,,,
GB-C 333-2,keine_id,Neuer Markt,1437,ja,,216,7 s. 6 d.,,,,
GB-C 333-3,keine_id,Lichtensteg,1437,,,72,72 d.,,,,
GB-C 333-4,DB5118,hinter St. Pankraz,1437,,,72,72 d.,,,,
GB-C 334-1,keine_id,vor Kernertor,1437,,,72,72 d.,,,,
GB-C 334-2,DB5035,Schiltergasse,1437,ja,erbe ,72,72 d.,,,,
GB-C 334-3,keine_id,Weihenburg,1437,,,,0 d.,,,,
GB-C 335-1,DB0073,Bognergasse,1437,,,,0 d.,,,,
GB-C 335-2,DB5416,Hoher Markt,1437,,,,0 d.,,,,
GB-C 335-3,DB5403,Fischhof / Hoher Markt,1437,,,,0 d.,,,,
GB-C 335-4,DB5037,Wiltwerkerstraße,1437,,erbe ,,0 d.,,,,
GB-C 336-1,keine_id,innerhalb Werdertor,1437,,,360,12 s.,,,,
GB-C 336-2,keine_id,Kernerstraße / Neuer Markt,1437,,,144,0.5 tl. 24 d.,,,,
GB-C 336-3,DB5329,Hohe Brücke,1437,,,216,7 s. 6 d.,,,,
GB-C 337-1,keine_id,Alter Fleischmarkt,1437,,,,0 d.,,,,
